epoch,time,train/box_loss,train/cls_loss,train/dfl_loss,metrics/precision(B),metrics/recall(B),metrics/mAP50(B),metrics/mAP50-95(B),val/box_loss,val/cls_loss,val/dfl_loss,lr/pg0,lr/pg1,lr/pg2,lr/pg3,lr/pg4,lr/pg5,lr/pg6,lr/pg7
1,3798.55,1.64672,4.84576,0.01278,0.45558,0.4113,0.39048,0.1871,1.52101,8.24616,0.01852,0.00998145,0.00332715,0.00998145,0.00332715,0.00998145,0.00332715,0.00998145,0.00332715
2,7773.52,1.69081,2.1902,0.01395,0.51241,0.43392,0.42561,0.19949,1.64035,3.08309,0.02104,0.0197836,0.00659454,0.0197836,0.00659454,0.0197836,0.00659454,0.0197836,0.00659454
3,11926.4,1.80821,2.08799,0.01528,0.31915,0.32747,0.22065,0.08819,1.89085,7.89435,0.02648,0.0293878,0.00979594,0.0293878,0.00979594,0.0293878,0.00979594,0.0293878,0.00979594
4,15769,1.88591,2.13149,0.01641,0.45972,0.41374,0.38864,0.176,1.77476,2.8384,0.02447,0.029109,0.009703,0.029109,0.009703,0.029109,0.009703,0.029109,0.009703
5,19620.3,1.84873,1.97326,0.01569,0.54425,0.48008,0.48764,0.23101,1.6911,2.93697,0.02329,0.028812,0.009604,0.028812,0.009604,0.028812,0.009604,0.028812,0.009604
6,23509.6,1.81356,1.86515,0.01532,0.56939,0.49431,0.51396,0.23939,1.6917,2.41923,0.02269,0.028515,0.009505,0.028515,0.009505,0.028515,0.009505,0.028515,0.009505
7,27301.7,1.7923,1.79599,0.01495,0.5847,0.50013,0.51963,0.26097,1.65622,1.8463,0.02167,0.028218,0.009406,0.028218,0.009406,0.028218,0.009406,0.028218,0.009406
8,31069.1,1.77198,1.73693,0.01471,0.58193,0.53664,0.55137,0.27109,1.61415,2.40557,0.02082,0.027921,0.009307,0.027921,0.009307,0.027921,0.009307,0.027921,0.009307
9,34931.4,1.76652,1.71781,0.01473,0.61501,0.54998,0.58749,0.28947,1.62771,2.24923,0.02109,0.027624,0.009208,0.027624,0.009208,0.027624,0.009208,0.027624,0.009208
10,38822.8,1.74871,1.66693,0.01437,0.61616,0.56723,0.58778,0.29,1.59568,1.98509,0.02016,0.027327,0.009109,0.027327,0.009109,0.027327,0.009109,0.027327,0.009109
11,42685.8,1.72783,1.64066,0.01408,0.61229,0.55859,0.58747,0.29123,1.61194,2.13659,0.02104,0.02703,0.00901,0.02703,0.00901,0.02703,0.00901,0.02703,0.00901
12,46543.4,1.71966,1.61434,0.01394,0.64888,0.59056,0.62814,0.31907,1.53852,1.8561,0.01881,0.026733,0.008911,0.026733,0.008911,0.026733,0.008911,0.026733,0.008911
13,50413.9,1.71208,1.5677,0.014,0.65523,0.58143,0.63766,0.33229,1.54887,1.81247,0.01911,0.026436,0.008812,0.026436,0.008812,0.026436,0.008812,0.026436,0.008812
14,54304,1.71554,1.5608,0.01378,0.65059,0.57193,0.61972,0.33057,1.50886,1.78024,0.01884,0.026139,0.008713,0.026139,0.008713,0.026139,0.008713,0.026139,0.008713
15,58226.1,1.69378,1.54413,0.01366,0.65802,0.60582,0.65131,0.34499,1.51432,1.50949,0.01872,0.025842,0.008614,0.025842,0.008614,0.025842,0.008614,0.025842,0.008614
16,62145.1,1.68545,1.5272,0.0136,0.67594,0.59936,0.65658,0.34743,1.5046,1.56617,0.01802,0.025545,0.008515,0.025545,0.008515,0.025545,0.008515,0.025545,0.008515
17,66085.4,1.67824,1.51424,0.01346,0.66679,0.60917,0.66434,0.35301,1.51424,1.65881,0.01897,0.025248,0.008416,0.025248,0.008416,0.025248,0.008416,0.025248,0.008416
18,69911,1.67257,1.49269,0.01343,0.692,0.61674,0.67697,0.36082,1.50992,1.46427,0.01846,0.024951,0.008317,0.024951,0.008317,0.024951,0.008317,0.024951,0.008317
19,73759.3,1.66927,1.47828,0.01315,0.67572,0.62229,0.67675,0.36691,1.48648,1.503,0.01828,0.024654,0.008218,0.024654,0.008218,0.024654,0.008218,0.024654,0.008218
20,77603.9,1.65686,1.44895,0.01313,0.68209,0.6227,0.68076,0.3685,1.49795,1.37015,0.0184,0.024357,0.008119,0.024357,0.008119,0.024357,0.008119,0.024357,0.008119
21,81438.7,1.65086,1.43167,0.01302,0.68563,0.64105,0.69637,0.37692,1.49032,1.47473,0.01807,0.02406,0.00802,0.02406,0.00802,0.02406,0.00802,0.02406,0.00802
22,85336.6,1.64576,1.42811,0.01295,0.70054,0.63407,0.69815,0.38652,1.46154,1.36916,0.01764,0.023763,0.007921,0.023763,0.007921,0.023763,0.007921,0.023763,0.007921
23,89226,1.64146,1.41847,0.01288,0.71117,0.6434,0.70826,0.3889,1.45779,1.44569,0.01745,0.023466,0.007822,0.023466,0.007822,0.023466,0.007822,0.023466,0.007822
24,93092.7,1.63451,1.40332,0.01302,0.70664,0.64218,0.71509,0.39597,1.44691,1.33581,0.01733,0.023169,0.007723,0.023169,0.007723,0.023169,0.007723,0.023169,0.007723
25,96953.8,1.64429,1.39621,0.01292,0.70193,0.65758,0.71329,0.39445,1.43339,1.31478,0.01698,0.022872,0.007624,0.022872,0.007624,0.022872,0.007624,0.022872,0.007624
26,100823,1.63151,1.37584,0.01267,0.71026,0.65138,0.71656,0.39777,1.41971,1.26963,0.01664,0.022575,0.007525,0.022575,0.007525,0.022575,0.007525,0.022575,0.007525
27,104685,1.62396,1.37975,0.01274,0.7208,0.6584,0.72332,0.40538,1.42697,1.26627,0.01693,0.022278,0.007426,0.022278,0.007426,0.022278,0.007426,0.022278,0.007426
28,108523,1.60989,1.34642,0.01264,0.70872,0.66967,0.72835,0.40529,1.42864,1.27991,0.01681,0.021981,0.007327,0.021981,0.007327,0.021981,0.007327,0.021981,0.007327
29,112285,1.61174,1.35447,0.01252,0.71039,0.66607,0.72474,0.40604,1.42911,1.26535,0.01675,0.021684,0.007228,0.021684,0.007228,0.021684,0.007228,0.021684,0.007228
30,116000,1.60265,1.3386,0.01249,0.71661,0.66432,0.72963,0.41182,1.41482,1.21582,0.01665,0.021387,0.007129,0.021387,0.007129,0.021387,0.007129,0.021387,0.007129
31,119834,1.5936,1.33054,0.01236,0.7319,0.66271,0.73384,0.41801,1.38365,1.24801,0.0161,0.02109,0.00703,0.02109,0.00703,0.02109,0.00703,0.02109,0.00703
32,123712,1.59484,1.32463,0.01246,0.72801,0.67585,0.73631,0.41973,1.40004,1.23902,0.01622,0.020793,0.006931,0.020793,0.006931,0.020793,0.006931,0.020793,0.006931
33,127590,1.59137,1.29802,0.01234,0.73401,0.6803,0.74056,0.42097,1.40498,1.22979,0.01633,0.020496,0.006832,0.020496,0.006832,0.020496,0.006832,0.020496,0.006832
34,131454,1.5992,1.29148,0.01229,0.72918,0.68069,0.73933,0.42164,1.40738,1.19304,0.01643,0.020199,0.006733,0.020199,0.006733,0.020199,0.006733,0.020199,0.006733
35,135331,1.58297,1.28063,0.01221,0.74406,0.68069,0.7473,0.42611,1.39577,1.1765,0.01623,0.019902,0.006634,0.019902,0.006634,0.019902,0.006634,0.019902,0.006634
36,139191,1.57909,1.27412,0.01231,0.74416,0.67941,0.7483,0.42471,1.40957,1.17717,0.01656,0.019605,0.006535,0.019605,0.006535,0.019605,0.006535,0.019605,0.006535
37,143068,1.57775,1.26531,0.012,0.74682,0.68515,0.75102,0.42766,1.39564,1.18082,0.0161,0.019308,0.006436,0.019308,0.006436,0.019308,0.006436,0.019308,0.006436
38,146947,1.56404,1.27531,0.01199,0.73894,0.69023,0.7501,0.4279,1.39854,1.16071,0.01595,0.019011,0.006337,0.019011,0.006337,0.019011,0.006337,0.019011,0.006337
39,150854,1.57071,1.26075,0.0119,0.74063,0.68782,0.74918,0.42927,1.3952,1.16866,0.0159,0.018714,0.006238,0.018714,0.006238,0.018714,0.006238,0.018714,0.006238
40,154765,1.55563,1.23698,0.01205,0.74754,0.69104,0.75268,0.43363,1.39042,1.15739,0.01591,0.018417,0.006139,0.018417,0.006139,0.018417,0.006139,0.018417,0.006139
41,158698,1.55685,1.24752,0.01183,0.74731,0.6972,0.75477,0.43529,1.38934,1.1668,0.016,0.01812,0.00604,0.01812,0.00604,0.01812,0.00604,0.01812,0.00604
42,162634,1.55326,1.21727,0.01174,0.75598,0.68704,0.75625,0.43606,1.38461,1.15202,0.01584,0.017823,0.005941,0.017823,0.005941,0.017823,0.005941,0.017823,0.005941
43,166532,1.5452,1.21558,0.01182,0.73577,0.69858,0.75606,0.43648,1.39015,1.15199,0.0159,0.017526,0.005842,0.017526,0.005842,0.017526,0.005842,0.017526,0.005842
44,170393,1.54647,1.21249,0.01182,0.75209,0.68712,0.75673,0.43553,1.39557,1.144,0.01613,0.017229,0.005743,0.017229,0.005743,0.017229,0.005743,0.017229,0.005743
45,174192,1.53571,1.22115,0.01162,0.74704,0.69189,0.75706,0.4366,1.38361,1.13667,0.0159,0.016932,0.005644,0.016932,0.005644,0.016932,0.005644,0.016932,0.005644
46,178005,1.54501,1.1889,0.01157,0.73328,0.70747,0.7575,0.43764,1.38037,1.11458,0.01582,0.016635,0.005545,0.016635,0.005545,0.016635,0.005545,0.016635,0.005545
47,181839,1.52745,1.1759,0.01144,0.74086,0.70269,0.75864,0.43864,1.37826,1.11058,0.01577,0.016338,0.005446,0.016338,0.005446,0.016338,0.005446,0.016338,0.005446
48,185662,1.53509,1.1758,0.01161,0.75123,0.69395,0.75966,0.43985,1.37546,1.1022,0.0158,0.016041,0.005347,0.016041,0.005347,0.016041,0.005347,0.016041,0.005347
49,189476,1.5299,1.15642,0.01168,0.74995,0.69334,0.76007,0.44028,1.37234,1.10853,0.0157,0.015744,0.005248,0.015744,0.005248,0.015744,0.005248,0.015744,0.005248
50,193265,1.52203,1.14365,0.01152,0.74813,0.70035,0.76237,0.44329,1.37814,1.09558,0.01572,0.015447,0.005149,0.015447,0.005149,0.015447,0.005149,0.015447,0.005149
51,197046,1.51267,1.15407,0.01129,0.74298,0.70555,0.76279,0.444,1.37806,1.08913,0.0157,0.01515,0.00505,0.01515,0.00505,0.01515,0.00505,0.01515,0.00505
52,200769,1.5136,1.14927,0.0113,0.74924,0.70247,0.76242,0.44349,1.3726,1.08862,0.0156,0.014853,0.004951,0.014853,0.004951,0.014853,0.004951,0.014853,0.004951
53,204699,1.51495,1.12473,0.01123,0.74789,0.70595,0.76487,0.44647,1.37569,1.07972,0.01563,0.014556,0.004852,0.014556,0.004852,0.014556,0.004852,0.014556,0.004852
54,208612,1.50383,1.12502,0.01115,0.74798,0.71015,0.76537,0.44619,1.37594,1.08008,0.01561,0.014259,0.004753,0.014259,0.004753,0.014259,0.004753,0.014259,0.004753
55,212602,1.50925,1.12348,0.01116,0.7533,0.70668,0.76646,0.4462,1.37724,1.07611,0.01563,0.013962,0.004654,0.013962,0.004654,0.013962,0.004654,0.013962,0.004654
56,216551,1.49953,1.10464,0.01117,0.75241,0.70588,0.7659,0.44604,1.37786,1.07221,0.01565,0.013665,0.004555,0.013665,0.004555,0.013665,0.004555,0.013665,0.004555
57,220531,1.49456,1.09466,0.011,0.75449,0.70561,0.76635,0.44593,1.37833,1.07069,0.01564,0.013368,0.004456,0.013368,0.004456,0.013368,0.004456,0.013368,0.004456
58,224486,1.48122,1.08983,0.01098,0.75795,0.70478,0.76691,0.44711,1.37652,1.07006,0.01559,0.013071,0.004357,0.013071,0.004357,0.013071,0.004357,0.013071,0.004357
59,228471,1.48344,1.0896,0.01088,0.75624,0.70859,0.76705,0.44806,1.37603,1.06711,0.0156,0.012774,0.004258,0.012774,0.004258,0.012774,0.004258,0.012774,0.004258
60,232430,1.47371,1.07357,0.01093,0.75737,0.70586,0.76708,0.44803,1.37579,1.0749,0.01561,0.012477,0.004159,0.012477,0.004159,0.012477,0.004159,0.012477,0.004159
61,236439,1.4752,1.05773,0.01071,0.75933,0.706,0.76841,0.44871,1.37636,1.07164,0.0156,0.01218,0.00406,0.01218,0.00406,0.01218,0.00406,0.01218,0.00406
62,240376,1.46068,1.05441,0.0108,0.76058,0.70529,0.76802,0.44866,1.37673,1.06852,0.01563,0.011883,0.003961,0.011883,0.003961,0.011883,0.003961,0.011883,0.003961
63,244373,1.46985,1.05371,0.01071,0.76354,0.70706,0.76998,0.44991,1.37565,1.06434,0.01557,0.011586,0.003862,0.011586,0.003862,0.011586,0.003862,0.011586,0.003862
64,248321,1.4588,1.03985,0.01067,0.76411,0.7035,0.76903,0.44945,1.37475,1.05566,0.01552,0.011289,0.003763,0.011289,0.003763,0.011289,0.003763,0.011289,0.003763
65,252293,1.45963,1.03344,0.01063,0.76252,0.70341,0.7694,0.44941,1.37243,1.05518,0.01549,0.010992,0.003664,0.010992,0.003664,0.010992,0.003664,0.010992,0.003664
66,256171,1.45239,1.01981,0.01062,0.76358,0.70268,0.76947,0.4497,1.3721,1.05403,0.01548,0.010695,0.003565,0.010695,0.003565,0.010695,0.003565,0.010695,0.003565
67,260043,1.44993,1.00342,0.01048,0.76215,0.70539,0.76885,0.45001,1.37267,1.04965,0.01549,0.010398,0.003466,0.010398,0.003466,0.010398,0.003466,0.010398,0.003466
68,263846,1.44156,1.00272,0.01045,0.76649,0.70724,0.77019,0.45058,1.37226,1.04862,0.01549,0.010101,0.003367,0.010101,0.003367,0.010101,0.003367,0.010101,0.003367
69,267626,1.43409,0.98667,0.01032,0.76799,0.70571,0.77065,0.45043,1.37364,1.04403,0.01552,0.009804,0.003268,0.009804,0.003268,0.009804,0.003268,0.009804,0.003268
70,271454,1.42907,0.97593,0.01029,0.76979,0.7033,0.77116,0.4507,1.37427,1.04189,0.01552,0.009507,0.003169,0.009507,0.003169,0.009507,0.003169,0.009507,0.003169
71,275322,1.43399,0.98614,0.01028,0.76459,0.70845,0.77141,0.45065,1.37609,1.03919,0.01554,0.00921,0.00307,0.00921,0.00307,0.00921,0.00307,0.00921,0.00307
72,279180,1.41839,0.97406,0.01026,0.76402,0.70932,0.7715,0.45089,1.37719,1.03513,0.01559,0.008913,0.002971,0.008913,0.002971,0.008913,0.002971,0.008913,0.002971
73,283120,1.40198,0.96136,0.01008,0.76151,0.7136,0.77171,0.45143,1.37847,1.03107,0.01562,0.008616,0.002872,0.008616,0.002872,0.008616,0.002872,0.008616,0.002872
74,287043,1.40605,0.94898,0.00995,0.76093,0.7143,0.77235,0.45189,1.37813,1.03107,0.01563,0.008319,0.002773,0.008319,0.002773,0.008319,0.002773,0.008319,0.002773
75,291041,1.41063,0.94926,0.01004,0.75955,0.71432,0.77217,0.45188,1.37879,1.02979,0.01563,0.008022,0.002674,0.008022,0.002674,0.008022,0.002674,0.008022,0.002674
76,294992,1.39492,0.93107,0.01004,0.75779,0.71484,0.77255,0.45194,1.37848,1.02919,0.01561,0.007725,0.002575,0.007725,0.002575,0.007725,0.002575,0.007725,0.002575
77,298998,1.39266,0.91812,0.00983,0.76158,0.71178,0.77298,0.45197,1.37994,1.02645,0.01565,0.007428,0.002476,0.007428,0.002476,0.007428,0.002476,0.007428,0.002476
78,302927,1.38501,0.90515,0.00987,0.76296,0.71162,0.77271,0.4517,1.37938,1.02782,0.01564,0.007131,0.002377,0.007131,0.002377,0.007131,0.002377,0.007131,0.002377
79,306872,1.38178,0.91207,0.00977,0.76228,0.71358,0.77281,0.45222,1.37958,1.02735,0.01564,0.006834,0.002278,0.006834,0.002278,0.006834,0.002278,0.006834,0.002278
80,310802,1.37566,0.90734,0.00978,0.7628,0.71241,0.77247,0.45182,1.3811,1.02973,0.01569,0.006537,0.002179,0.006537,0.002179,0.006537,0.002179,0.006537,0.002179
81,314762,1.36917,0.89071,0.00959,0.7662,0.70967,0.77233,0.45198,1.38064,1.02547,0.01569,0.00624,0.00208,0.00624,0.00208,0.00624,0.00208,0.00624,0.00208
82,318687,1.35978,0.8794,0.00955,0.7677,0.70926,0.77261,0.45175,1.37995,1.02365,0.01567,0.005943,0.001981,0.005943,0.001981,0.005943,0.001981,0.005943,0.001981
83,322654,1.36642,0.88558,0.00955,0.76412,0.71221,0.77237,0.45144,1.38009,1.02096,0.01568,0.005646,0.001882,0.005646,0.001882,0.005646,0.001882,0.005646,0.001882
84,326470,1.35893,0.86744,0.00956,0.76441,0.71263,0.77257,0.45119,1.37916,1.02076,0.01566,0.005349,0.001783,0.005349,0.001783,0.005349,0.001783,0.005349,0.001783
85,330445,1.34824,0.8534,0.0094,0.76556,0.70901,0.772,0.45093,1.37974,1.01839,0.01567,0.005052,0.001684,0.005052,0.001684,0.005052,0.001684,0.005052,0.001684
86,334616,1.34062,0.84938,0.00935,0.76922,0.70957,0.77202,0.45125,1.37996,1.01595,0.01567,0.004755,0.001585,0.004755,0.001585,0.004755,0.001585,0.004755,0.001585
87,338515,1.33229,0.84079,0.00912,0.76117,0.71364,0.77128,0.45077,1.38049,1.01468,0.01568,0.004458,0.001486,0.004458,0.001486,0.004458,0.001486,0.004458,0.001486
88,342286,1.32449,0.83102,0.00911,0.7617,0.71547,0.7707,0.45069,1.38091,1.01467,0.01568,0.004161,0.001387,0.004161,0.001387,0.004161,0.001387,0.004161,0.001387
89,346254,1.32288,0.83286,0.00918,0.76095,0.71422,0.77064,0.4506,1.38137,1.01298,0.0157,0.003864,0.001288,0.003864,0.001288,0.003864,0.001288,0.003864,0.001288
90,349919,1.32003,0.81565,0.00917,0.765,0.71214,0.77133,0.45087,1.38122,1.01194,0.01569,0.003567,0.001189,0.003567,0.001189,0.003567,0.001189,0.003567,0.001189
91,353811,1.31858,0.71708,0.01036,0.76541,0.71227,0.77105,0.45068,1.38214,1.01027,0.01572,0.00327,0.00109,0.00327,0.00109,0.00327,0.00109,0.00327,0.00109
92,357441,1.28937,0.68711,0.00979,0.77026,0.71009,0.77103,0.4505,1.38194,1.00929,0.01571,0.002973,0.000991,0.002973,0.000991,0.002973,0.000991,0.002973,0.000991
93,361029,1.2759,0.66243,0.00971,0.76896,0.71149,0.77098,0.45099,1.38072,1.01108,0.01569,0.002676,0.000892,0.002676,0.000892,0.002676,0.000892,0.002676,0.000892
94,364597,1.25782,0.64665,0.00937,0.77095,0.7111,0.77161,0.45137,1.38061,1.00869,0.01569,0.002379,0.000793,0.002379,0.000793,0.002379,0.000793,0.002379,0.000793
95,368173,1.25339,0.6425,0.00938,0.77309,0.71049,0.77231,0.45189,1.38216,1.0074,0.01571,0.002082,0.000694,0.002082,0.000694,0.002082,0.000694,0.002082,0.000694
96,371836,1.25558,0.62899,0.00933,0.77571,0.71032,0.7728,0.45215,1.38195,1.00779,0.0157,0.001785,0.000595,0.001785,0.000595,0.001785,0.000595,0.001785,0.000595
97,375546,1.24233,0.61938,0.00921,0.77114,0.71129,0.77198,0.4515,1.38213,1.00769,0.0157,0.001488,0.000496,0.001488,0.000496,0.001488,0.000496,0.001488,0.000496
98,379237,1.23063,0.63037,0.00904,0.76746,0.71662,0.77163,0.45152,1.38194,1.00795,0.0157,0.001191,0.000397,0.001191,0.000397,0.001191,0.000397,0.001191,0.000397
99,382957,1.22967,0.60661,0.00891,0.77312,0.7118,0.77131,0.45147,1.38066,1.00989,0.01568,0.000894,0.000298,0.000894,0.000298,0.000894,0.000298,0.000894,0.000298
